"filename", "language", "JavaScript", "Vue", "Markdown", "HTML", "CSS", "JSON", "XML", "Less", "comment", "blank", "total"
"e:\Desktop\tssj\README.md", "Markdown", 0, 0, 15, 0, 0, 0, 0, 0, 0, 4, 19
"e:\Desktop\tssj\babel.config.js", "JavaScript", 5, 0, 0, 0, 0, 0, 0, 0, 0, 1, 6
"e:\Desktop\tssj\package-lock.json", "JSON", 0, 0, 0, 0, 0, 12069, 0, 0, 0, 1, 12070
"e:\Desktop\tssj\package.json", "JSON", 0, 0, 0, 0, 0, 56, 0, 0, 0, 1, 57
"e:\Desktop\tssj\public\index.html", "HTML", 0, 0, 0, 16, 0, 0, 0, 0, 2, 1, 19
"e:\Desktop\tssj\src\App.vue", "Vue", 0, 33, 0, 0, 0, 0, 0, 0, 16, 4, 53
"e:\Desktop\tssj\src\assets\css\index.css", "CSS", 0, 0, 0, 0, 29, 0, 0, 0, 0, 0, 29
"e:\Desktop\tssj\src\assets\css\object.less", "Less", 0, 0, 0, 0, 0, 0, 0, 98, 13, 4, 115
"e:\Desktop\tssj\src\assets\css\style.css", "CSS", 0, 0, 0, 0, 271, 0, 0, 0, 26, 59, 356
"e:\Desktop\tssj\src\assets\iconfont\demo.css", "CSS", 0, 0, 0, 0, 435, 0, 0, 0, 19, 86, 540
"e:\Desktop\tssj\src\assets\iconfont\demo_index.html", "HTML", 0, 0, 0, 417, 0, 0, 0, 0, 2, 52, 471
"e:\Desktop\tssj\src\assets\iconfont\iconfont.css", "CSS", 0, 0, 0, 0, 54, 0, 0, 0, 0, 16, 70
"e:\Desktop\tssj\src\assets\iconfont\iconfont.js", "JavaScript", 1, 0, 0, 0, 0, 0, 0, 0, 0, 0, 1
"e:\Desktop\tssj\src\assets\iconfont\iconfont.json", "JSON", 0, 0, 0, 0, 0, 100, 0, 0, 0, 1, 101
"e:\Desktop\tssj\src\assets\iconfont\iconfont.svg", "XML", 0, 0, 0, 0, 0, 0, 32, 0, 3, 31, 66
"e:\Desktop\tssj\src\assets\mapSigns\aim3.svg", "XML", 0, 0, 0, 0, 0, 0, 12, 0, 1, 0, 13
"e:\Desktop\tssj\src\assets\mapSigns\plane\fly1.svg", "XML", 0, 0, 0, 0, 0, 0, 15, 0, 1, 0, 16
"e:\Desktop\tssj\src\assets\mapSigns\plane\fly2.svg", "XML", 0, 0, 0, 0, 0, 0, 11, 0, 1, 0, 12
"e:\Desktop\tssj\src\assets\mapSigns\plane\fly3.svg", "XML", 0, 0, 0, 0, 0, 0, 15, 0, 1, 0, 16
"e:\Desktop\tssj\src\assets\mapSigns\plane\fly4.svg", "XML", 0, 0, 0, 0, 0, 0, 15, 0, 1, 0, 16
"e:\Desktop\tssj\src\assets\mapicon\focus.svg", "XML", 0, 0, 0, 0, 0, 0, 10, 0, 1, 0, 11
"e:\Desktop\tssj\src\assets\table\radar\5.svg", "XML", 0, 0, 0, 0, 0, 0, 31, 0, 1, 0, 32
"e:\Desktop\tssj\src\assets\table\radar\6.svg", "XML", 0, 0, 0, 0, 0, 0, 32, 0, 1, 0, 33
"e:\Desktop\tssj\src\assets\table\radar\7.svg", "XML", 0, 0, 0, 0, 0, 0, 32, 0, 1, 0, 33
"e:\Desktop\tssj\src\assets\table\radar\8.svg", "XML", 0, 0, 0, 0, 0, 0, 31, 0, 1, 0, 32
"e:\Desktop\tssj\src\common\dateutil.js", "JavaScript", 102, 0, 0, 0, 0, 0, 0, 0, 32, 14, 148
"e:\Desktop\tssj\src\common\util.js", "JavaScript", 11, 0, 0, 0, 0, 0, 0, 0, 1, 2, 14
"e:\Desktop\tssj\src\components\404.vue", "Vue", 0, 33, 0, 0, 0, 0, 0, 0, 0, 1, 34
"e:\Desktop\tssj\src\components\ButtonGroup.vue", "Vue", 0, 104, 0, 0, 0, 0, 0, 0, 4, 6, 114
"e:\Desktop\tssj\src\components\CountrySigns  - 副本.vue", "Vue", 0, 180, 0, 0, 0, 0, 0, 0, 17, 8, 205
"e:\Desktop\tssj\src\components\CountrySigns .vue", "Vue", 0, 478, 0, 0, 0, 0, 0, 0, 56, 9, 543
"e:\Desktop\tssj\src\components\DevInfoList.vue", "Vue", 0, 98, 0, 0, 0, 0, 0, 0, 1, 4, 103
"e:\Desktop\tssj\src\components\Dropdown.vue", "Vue", 0, 142, 0, 0, 0, 0, 0, 0, 14, 8, 164
"e:\Desktop\tssj\src\components\HelloWorld.vue", "Vue", 0, 16, 0, 0, 0, 0, 0, 0, 0, 4, 20
"e:\Desktop\tssj\src\components\LeafletTableMap.vue", "Vue", 0, 223, 0, 0, 0, 0, 0, 0, 119, 17, 359
"e:\Desktop\tssj\src\components\MapSigns.vue", "Vue", 0, 153, 0, 0, 0, 0, 0, 0, 7, 6, 166
"e:\Desktop\tssj\src\components\MyPaginationTab.vue", "Vue", 0, 129, 0, 0, 0, 0, 0, 0, 13, 11, 153
"e:\Desktop\tssj\src\components\PaginationTable.vue", "Vue", 0, 318, 0, 0, 0, 0, 0, 0, 26, 35, 379
"e:\Desktop\tssj\src\components\ShipTab.vue", "Vue", 0, 50, 0, 0, 0, 0, 0, 0, 0, 6, 56
"e:\Desktop\tssj\src\components\Statistics.vue", "Vue", 0, 57, 0, 0, 0, 0, 0, 0, 2, 3, 62
"e:\Desktop\tssj\src\components\TableMap.vue", "Vue", 0, 139, 0, 0, 0, 0, 0, 0, 17, 12, 168
"e:\Desktop\tssj\src\components\VerticalityTab.vue", "Vue", 0, 107, 0, 0, 0, 0, 0, 0, 62, 4, 173
"e:\Desktop\tssj\src\components\VideoPlayer.vue", "Vue", 0, 451, 0, 0, 0, 0, 0, 0, 90, 21, 562
"e:\Desktop\tssj\src\components\VideoView.vue", "Vue", 0, 609, 0, 0, 0, 0, 0, 0, 75, 47, 731
"e:\Desktop\tssj\src\components\editor\editor.vue", "Vue", 0, 120, 0, 0, 0, 0, 0, 0, 63, 8, 191
"e:\Desktop\tssj\src\components\editor\emoji.js", "JavaScript", 37, 0, 0, 0, 0, 0, 0, 0, 21, 2, 60
"e:\Desktop\tssj\src\components\groupTree.vue", "Vue", 0, 1098, 0, 0, 0, 0, 0, 0, 130, 35, 1263
"e:\Desktop\tssj\src\components\map\AisDataTab.vue", "Vue", 0, 127, 0, 0, 0, 0, 0, 0, 27, 7, 161
"e:\Desktop\tssj\src\components\map\AisInfoView.vue", "Vue", 0, 146, 0, 0, 0, 0, 0, 0, 22, 11, 179
"e:\Desktop\tssj\src\components\map\AnchInfoView.vue", "Vue", 0, 124, 0, 0, 0, 0, 0, 0, 13, 3, 140
"e:\Desktop\tssj\src\components\map\Berth.vue", "Vue", 0, 139, 0, 0, 0, 0, 0, 0, 20, 8, 167
"e:\Desktop\tssj\src\components\map\CMIO.vue", "Vue", 0, 122, 0, 0, 0, 0, 0, 0, 20, 9, 151
"e:\Desktop\tssj\src\components\map\Camera.vue", "Vue", 0, 133, 0, 0, 0, 0, 0, 0, 19, 8, 160
"e:\Desktop\tssj\src\components\map\CustomArea.vue", "Vue", 0, 174, 0, 0, 0, 0, 0, 0, 21, 9, 204
"e:\Desktop\tssj\src\components\map\Customs.vue", "Vue", 0, 122, 0, 0, 0, 0, 0, 0, 20, 9, 151
"e:\Desktop\tssj\src\components\map\DailyEventDiag.vue", "Vue", 0, 132, 0, 0, 0, 0, 0, 0, 8, 14, 154
"e:\Desktop\tssj\src\components\map\FI.vue", "Vue", 0, 123, 0, 0, 0, 0, 0, 0, 20, 9, 152
"e:\Desktop\tssj\src\components\map\FocusDialog.vue", "Vue", 0, 154, 0, 0, 0, 0, 0, 0, 4, 7, 165
"e:\Desktop\tssj\src\components\map\LeftDrawer.vue", "Vue", 0, 739, 0, 0, 0, 0, 0, 0, 136, 24, 899
"e:\Desktop\tssj\src\components\map\MSA.vue", "Vue", 0, 122, 0, 0, 0, 0, 0, 0, 25, 9, 156
"e:\Desktop\tssj\src\components\map\MapControl.vue", "Vue", 0, 48, 0, 0, 0, 0, 0, 0, 4, 7, 59
"e:\Desktop\tssj\src\components\map\MarpoInfoView.vue", "Vue", 0, 123, 0, 0, 0, 0, 0, 0, 26, 9, 158
"e:\Desktop\tssj\src\components\map\MilidivisInfoView .vue", "Vue", 0, 122, 0, 0, 0, 0, 0, 0, 27, 9, 158
"e:\Desktop\tssj\src\components\map\NavyInfoView.vue", "Vue", 0, 123, 0, 0, 0, 0, 0, 0, 20, 9, 152
"e:\Desktop\tssj\src\components\map\OFA.vue", "Vue", 0, 122, 0, 0, 0, 0, 0, 0, 25, 9, 156
"e:\Desktop\tssj\src\components\map\ObjectSelect.vue", "Vue", 0, 96, 0, 0, 0, 0, 0, 0, 7, 6, 109
"e:\Desktop\tssj\src\components\map\PSB.vue", "Vue", 0, 122, 0, 0, 0, 0, 0, 0, 25, 9, 156
"e:\Desktop\tssj\src\components\map\PierInfoView.vue", "Vue", 0, 172, 0, 0, 0, 0, 0, 0, 46, 9, 227
"e:\Desktop\tssj\src\components\map\PlaneInfoView.vue", "Vue", 0, 106, 0, 0, 0, 0, 0, 0, 17, 11, 134
"e:\Desktop\tssj\src\components\map\PortInfoView.vue", "Vue", 0, 126, 0, 0, 0, 0, 0, 0, 25, 10, 161
"e:\Desktop\tssj\src\components\map\RadarDataTab.vue", "Vue", 0, 127, 0, 0, 0, 0, 0, 0, 23, 14, 164
"e:\Desktop\tssj\src\components\map\RadarInfoView.vue", "Vue", 0, 262, 0, 0, 0, 0, 0, 0, 26, 19, 307
"e:\Desktop\tssj\src\components\map\SeaLineInfoView.vue", "Vue", 0, 156, 0, 0, 0, 0, 0, 0, 6, 5, 167
"e:\Desktop\tssj\src\components\map\SelectMarker.vue", "Vue", 0, 172, 0, 0, 0, 0, 0, 0, 11, 7, 190
"e:\Desktop\tssj\src\components\map\SelectShip.vue", "Vue", 0, 117, 0, 0, 0, 0, 0, 0, 2, 6, 125
"e:\Desktop\tssj\src\components\map\ShipAreaCount.vue", "Vue", 0, 87, 0, 0, 0, 0, 0, 0, 11, 12, 110
"e:\Desktop\tssj\src\components\map\ShipCount.vue", "Vue", 0, 81, 0, 0, 0, 0, 0, 0, 8, 12, 101
"e:\Desktop\tssj\src\components\map\ShipDetailView.vue", "Vue", 0, 370, 0, 0, 0, 0, 0, 0, 24, 21, 415
"e:\Desktop\tssj\src\components\map\ShipHistroyView.vue", "Vue", 0, 125, 0, 0, 0, 0, 0, 0, 2, 4, 131
"e:\Desktop\tssj\src\components\map\ShipInfoView.vue", "Vue", 0, 206, 0, 0, 0, 0, 0, 0, 46, 3, 255
"e:\Desktop\tssj\src\components\map\StationInfoView.vue", "Vue", 0, 253, 0, 0, 0, 0, 0, 0, 37, 17, 307
"e:\Desktop\tssj\src\components\map\Tower.vue", "Vue", 0, 140, 0, 0, 0, 0, 0, 0, 18, 8, 166
"e:\Desktop\tssj\src\components\map\TowerInfoView.vue", "Vue", 0, 164, 0, 0, 0, 0, 0, 0, 27, 7, 198
"e:\Desktop\tssj\src\components\map\TuliView.vue", "Vue", 0, 29, 0, 0, 0, 0, 0, 0, 0, 4, 33
"e:\Desktop\tssj\src\components\map\VideoView.vue", "Vue", 0, 598, 0, 0, 0, 0, 0, 0, 75, 47, 720
"e:\Desktop\tssj\src\components\map\importExcel.vue", "Vue", 0, 163, 0, 0, 0, 0, 0, 0, 16, 7, 186
"e:\Desktop\tssj\src\components\map\layerSelect.vue", "Vue", 0, 107, 0, 0, 0, 0, 0, 0, 9, 4, 120
"e:\Desktop\tssj\src\components\nav\leftNav.vue", "Vue", 0, 120, 0, 0, 0, 0, 0, 0, 7, 6, 133
"e:\Desktop\tssj\src\components\selectdate.vue", "Vue", 0, 198, 0, 0, 0, 0, 0, 0, 5, 3, 206
"e:\Desktop\tssj\src\element\index.js", "JavaScript", 55, 0, 0, 0, 0, 0, 0, 0, 2, 3, 60
"e:\Desktop\tssj\src\main.js", "JavaScript", 56, 0, 0, 0, 0, 0, 0, 0, 1, 16, 73
"e:\Desktop\tssj\src\router\index.js", "JavaScript", 216, 0, 0, 0, 0, 0, 0, 0, 86, 31, 333
"e:\Desktop\tssj\src\router\modules\index.js", "JavaScript", 7, 0, 0, 0, 0, 0, 0, 0, 1, 2, 10
"e:\Desktop\tssj\src\router\modules\plan.js", "JavaScript", 7, 0, 0, 0, 0, 0, 0, 0, 0, 1, 8
"e:\Desktop\tssj\src\router\modules\system.js", "JavaScript", 34, 0, 0, 0, 0, 0, 0, 0, 5, 3, 42
"e:\Desktop\tssj\src\router\modules\target.js", "JavaScript", 69, 0, 0, 0, 0, 0, 0, 0, 5, 2, 76
"e:\Desktop\tssj\src\router\modules\user.js", "JavaScript", 17, 0, 0, 0, 0, 0, 0, 0, 0, 1, 18
"e:\Desktop\tssj\src\router\modules\war.js", "JavaScript", 12, 0, 0, 0, 0, 0, 0, 0, 0, 1, 13
"e:\Desktop\tssj\src\store\getters.js", "JavaScript", 5, 0, 0, 0, 0, 0, 0, 0, 0, 2, 7
"e:\Desktop\tssj\src\store\index.js", "JavaScript", 24, 0, 0, 0, 0, 0, 0, 0, 5, 8, 37
"e:\Desktop\tssj\src\store\modules\loginStore.js", "JavaScript", 72, 0, 0, 0, 0, 0, 0, 0, 0, 2, 74
"e:\Desktop\tssj\src\store\modules\user.js", "JavaScript", 17, 0, 0, 0, 0, 0, 0, 0, 32, 3, 52
"e:\Desktop\tssj\src\utils\Leaflet.LinearMeasurement\Leaflet.LinearMeasurement.css", "CSS", 0, 0, 0, 0, 79, 0, 0, 0, 3, 15, 97
"e:\Desktop\tssj\src\utils\Leaflet.LinearMeasurement\Leaflet.LinearMeasurement.js", "JavaScript", 513, 0, 0, 0, 0, 0, 0, 0, 32, 151, 696
"e:\Desktop\tssj\src\utils\MovingMarker.js", "JavaScript", 231, 0, 0, 0, 0, 0, 0, 0, 20, 54, 305
"e:\Desktop\tssj\src\utils\MyXNotification.js", "JavaScript", 20, 0, 0, 0, 0, 0, 0, 0, 2, 5, 27
"e:\Desktop\tssj\src\utils\coordinateConvert.js", "JavaScript", 89, 0, 0, 0, 0, 0, 0, 0, 24, 6, 119
"e:\Desktop\tssj\src\utils\formRules.js", "JavaScript", 271, 0, 0, 0, 0, 0, 0, 0, 13, 10, 294
"e:\Desktop\tssj\src\utils\leaflet.canvas-markers.js", "JavaScript", 378, 0, 0, 0, 0, 0, 0, 0, 0, 20, 398
"e:\Desktop\tssj\src\utils\leaflet.polylineDecorator.js", "JavaScript", 345, 0, 0, 0, 0, 0, 0, 0, 66, 68, 479
"e:\Desktop\tssj\src\utils\mapUtils.js", "JavaScript", 83, 0, 0, 0, 0, 0, 0, 0, 32, 8, 123
"e:\Desktop\tssj\src\utils\proj4leaflet.js", "JavaScript", 215, 0, 0, 0, 0, 0, 0, 0, 18, 40, 273
"e:\Desktop\tssj\src\utils\request.js", "JavaScript", 44, 0, 0, 0, 0, 0, 0, 0, 35, 8, 87
"e:\Desktop\tssj\src\vandor\Blob.js", "JavaScript", 342, 0, 0, 0, 0, 0, 0, 0, 45, 57, 444
"e:\Desktop\tssj\src\vandor\export2Excel.js", "JavaScript", 106, 0, 0, 0, 0, 0, 0, 0, 11, 26, 143
"e:\Desktop\tssj\src\views\Home.vue", "Vue", 0, 129, 0, 0, 0, 0, 0, 0, 12, 3, 144
"e:\Desktop\tssj\src\views\Suspicious\index.vue", "Vue", 0, 435, 0, 0, 0, 0, 0, 0, 22, 20, 477
"e:\Desktop\tssj\src\views\alarmLog\add.vue", "Vue", 0, 237, 0, 0, 0, 0, 0, 0, 34, 9, 280
"e:\Desktop\tssj\src\views\alarmLog\index.vue", "Vue", 0, 175, 0, 0, 0, 0, 0, 0, 18, 13, 206
"e:\Desktop\tssj\src\views\alarmLog\validate.vue", "Vue", 0, 164, 0, 0, 0, 0, 0, 0, 6, 7, 177
"e:\Desktop\tssj\src\views\dept\index.vue", "Vue", 0, 420, 0, 0, 0, 0, 0, 0, 25, 25, 470
"e:\Desktop\tssj\src\views\home\Map.vue", "Vue", 0, 1659, 0, 0, 0, 0, 0, 0, 94, 111, 1864
"e:\Desktop\tssj\src\views\home\mapComponentFactory.js", "JavaScript", 403, 0, 0, 0, 0, 0, 0, 0, 134, 87, 624
"e:\Desktop\tssj\src\views\home\mapComputed.js", "JavaScript", 21, 0, 0, 0, 0, 0, 0, 0, 6, 5, 32
"e:\Desktop\tssj\src\views\home\mapData.js", "JavaScript", 266, 0, 0, 0, 0, 0, 0, 0, 53, 32, 351
"e:\Desktop\tssj\src\views\home\mapSocket.js", "JavaScript", 120, 0, 0, 0, 0, 0, 0, 0, 34, 10, 164
"e:\Desktop\tssj\src\views\home\mapWatch.js", "JavaScript", 203, 0, 0, 0, 0, 0, 0, 0, 177, 29, 409
"e:\Desktop\tssj\src\views\home\methods.js", "JavaScript", 1648, 0, 0, 0, 0, 0, 0, 0, 749, 123, 2520
"e:\Desktop\tssj\src\views\home\noIf.js", "JavaScript", 343, 0, 0, 0, 0, 0, 0, 0, 68, 51, 462
"e:\Desktop\tssj\src\views\login\loginView.vue", "Vue", 0, 143, 0, 0, 0, 0, 0, 0, 14, 10, 167
"e:\Desktop\tssj\src\views\object\AIS.vue", "Vue", 0, 375, 0, 0, 0, 0, 0, 0, 26, 8, 409
"e:\Desktop\tssj\src\views\object\Anchorage.vue", "Vue", 0, 653, 0, 0, 0, 0, 0, 0, 70, 12, 735
"e:\Desktop\tssj\src\views\object\Anchorage11.vue", "Vue", 0, 313, 0, 0, 0, 0, 0, 0, 19, 11, 343
"e:\Desktop\tssj\src\views\object\Berthage.vue", "Vue", 0, 287, 0, 0, 0, 0, 0, 0, 15, 10, 312
"e:\Desktop\tssj\src\views\object\Submarine.vue", "Vue", 0, 391, 0, 0, 0, 0, 0, 0, 38, 18, 447
"e:\Desktop\tssj\src\views\object\Submarine副本.vue", "Vue", 0, 356, 0, 0, 0, 0, 0, 0, 33, 12, 401
"e:\Desktop\tssj\src\views\object\camera.vue", "Vue", 0, 661, 0, 0, 0, 0, 0, 0, 59, 13, 733
"e:\Desktop\tssj\src\views\object\port.vue", "Vue", 0, 363, 0, 0, 0, 0, 0, 0, 44, 8, 415
"e:\Desktop\tssj\src\views\object\radar.vue", "Vue", 0, 406, 0, 0, 0, 0, 0, 0, 34, 10, 450
"e:\Desktop\tssj\src\views\object\tower.vue", "Vue", 0, 466, 0, 0, 0, 0, 0, 0, 35, 13, 514
"e:\Desktop\tssj\src\views\object\tower副本.vue", "Vue", 0, 376, 0, 0, 0, 0, 0, 0, 81, 17, 474
"e:\Desktop\tssj\src\views\object\wharf.vue", "Vue", 0, 333, 0, 0, 0, 0, 0, 0, 36, 12, 381
"e:\Desktop\tssj\vue.config.js", "JavaScript", 25, 0, 0, 0, 0, 0, 0, 0, 37, 3, 65
"Total", "-", 6413, 19872, 15, 433, 868, 12225, 236, 98, 4182, 2170, 46512